priority,cluster,pillar,content_title,primary_keyword,search_intent,conversion_target
P1,Egypt Itineraries,/inspiration/egypt-itineraries,How Many Days in Egypt?,how many days in Egypt,Informational,/programs
P1,Egypt Itineraries,/inspiration/egypt-itineraries,7-Day Egypt Itinerary,7 day Egypt itinerary,Planning,Existing 7-day program
P1,Egypt Itineraries,/inspiration/egypt-itineraries,10-Day Egypt Itinerary,10 day Egypt itinerary,Planning,Existing 10-day program
P1,Egypt Itineraries,/inspiration/egypt-itineraries,5-Day Egypt Itinerary,5 day Egypt itinerary,Planning,Existing 5-day program
P2,Egypt Itineraries,/inspiration/egypt-itineraries,14-Day Egypt Itinerary,2 week Egypt itinerary,Planning,/plan-your-trip
P2,Egypt Itineraries,/inspiration/egypt-itineraries,Cairo Luxor Aswan Itinerary,Cairo Luxor Aswan itinerary,Planning,Multi-day programs
P1,Nile Cruises,/inspiration/nile-cruise-guide,Luxor to Aswan Nile Cruise,Luxor to Aswan Nile cruise,Commercial investigation,Cruise-inclusive programs
P1,Nile Cruises,/inspiration/nile-cruise-guide,Aswan to Luxor Nile Cruise,Aswan to Luxor Nile cruise,Commercial investigation,Cruise-inclusive programs
P1,Nile Cruises,/inspiration/nile-cruise-guide,How to Choose the Best Nile Cruise,best Nile cruise Egypt,Commercial investigation,/programs
P2,Nile Cruises,/inspiration/nile-cruise-guide,Nile Cruise Itinerary,Nile cruise itinerary,Planning,Cruise-inclusive programs
P2,Nile Cruises,/inspiration/nile-cruise-guide,Best Time for a Nile Cruise,best time for Nile cruise,Informational,Cruise-inclusive programs
P3,Nile Cruises,/inspiration/nile-cruise-guide,Nile Cruise Cost Guide,Nile cruise cost,Cost research,/plan-your-trip
P1,Travel Planning,/inspiration/egypt-travel-guide,Best Time to Visit Egypt,best time to visit Egypt,Informational,Seasonal programs
P1,Travel Planning,/inspiration/egypt-travel-guide,First-Time Egypt Travel Guide,Egypt travel guide first time,Informational,/plan-your-trip
P1,Travel Planning,/inspiration/egypt-travel-guide,Egypt Visa Guide,Egypt visa requirements,Informational,/programs
P2,Travel Planning,/inspiration/egypt-travel-guide,What to Wear in Egypt,what to wear in Egypt,Informational,Related guides
P2,Travel Planning,/inspiration/egypt-travel-guide,Egypt Packing List,Egypt packing list,Informational,/programs
P2,Travel Planning,/inspiration/egypt-travel-guide,Getting Around Egypt,how to travel around Egypt,Informational,/plan-your-trip
P3,Travel Planning,/inspiration/egypt-travel-guide,Egypt Travel Cost,Egypt travel cost,Cost research,/programs
P3,Travel Planning,/inspiration/egypt-travel-guide,Is Egypt Safe to Visit?,is Egypt safe to visit,Informational,/contact
P1,Tour Packages,/programs,How to Choose an Egypt Tour Package,how to choose an Egypt tour package,Commercial investigation,/programs
P1,Tour Packages,/programs,Private vs Group Tours in Egypt,private vs group tours Egypt,Comparison,/programs
P2,Tour Packages,/programs,What Egypt Tour Packages Include,what is included in Egypt tour packages,Commercial investigation,/programs
P2,Tour Packages,/programs,How Much Does an Egypt Tour Cost?,Egypt tour cost,Cost research,/plan-your-trip
P2,Travel Styles,/inspiration/egypt-travel-styles,Egypt Family Tours Guide,Egypt family tours,Commercial investigation,Family programs
P2,Travel Styles,/inspiration/egypt-travel-styles,Egypt Honeymoon Guide,Egypt honeymoon packages,Commercial investigation,/plan-your-trip
P2,Travel Styles,/inspiration/egypt-travel-styles,Luxury Egypt Tours Guide,luxury Egypt tours,Commercial investigation,Premium programs
P3,Travel Styles,/inspiration/egypt-travel-styles,Solo Travel Egypt Guide,solo travel Egypt,Informational,Private tours
P3,Travel Styles,/inspiration/egypt-travel-styles,Egypt Tours for Seniors,Egypt tours for seniors,Commercial investigation,/plan-your-trip
